problem,problem_display,scale,algorithm,variant,t_aco,evaluations,avg_obj,instances,device,source
cvrp,CVRP,20,ACO,AS,1,20,7.702908720970154,100,cpu,pretrained
cvrp,CVRP,20,ACO,AS,10,200,6.750990424156189,100,cpu,pretrained
cvrp,CVRP,20,ACO,AS,20,400,6.585196399688721,100,cpu,pretrained
cvrp,CVRP,20,ACO,AS,30,600,6.539056687355042,100,cpu,pretrained
cvrp,CVRP,20,ACO,AS,40,800,6.5119861268997195,100,cpu,pretrained
cvrp,CVRP,20,ACO,AS,50,1000,6.504054269790649,100,cpu,pretrained
cvrp,CVRP,20,ACO,AS,100,2000,6.4937545728683475,100,cpu,pretrained
cvrp,CVRP,20,DeepACO,AS,1,20,4.869528737068176,100,cpu,pretrained
cvrp,CVRP,20,DeepACO,AS,10,200,4.6883533930778505,100,cpu,pretrained
cvrp,CVRP,20,DeepACO,AS,20,400,4.663731777668,100,cpu,pretrained
cvrp,CVRP,20,DeepACO,AS,30,600,4.658352618217468,100,cpu,pretrained
cvrp,CVRP,20,DeepACO,AS,40,800,4.6557958745956425,100,cpu,pretrained
cvrp,CVRP,20,DeepACO,AS,50,1000,4.650347900390625,100,cpu,pretrained
cvrp,CVRP,20,DeepACO,AS,100,2000,4.647164044380188,100,cpu,pretrained
cvrp,CVRP,20,ACO,Elitist,1,20,7.7622834587097165,100,cpu,pretrained
cvrp,CVRP,20,ACO,Elitist,10,200,6.80463680267334,100,cpu,pretrained
cvrp,CVRP,20,ACO,Elitist,20,400,6.421835598945617,100,cpu,pretrained
cvrp,CVRP,20,ACO,Elitist,30,600,6.0058593702316285,100,cpu,pretrained
cvrp,CVRP,20,ACO,Elitist,40,800,5.602602152824402,100,cpu,pretrained
cvrp,CVRP,20,ACO,Elitist,50,1000,5.285769219398499,100,cpu,pretrained
cvrp,CVRP,20,ACO,Elitist,100,2000,4.911985392570496,100,cpu,pretrained
cvrp,CVRP,20,DeepACO,Elitist,1,20,4.844457185268402,100,cpu,pretrained
cvrp,CVRP,20,DeepACO,Elitist,10,200,4.666723792552948,100,cpu,pretrained
cvrp,CVRP,20,DeepACO,Elitist,20,400,4.621156272888183,100,cpu,pretrained
cvrp,CVRP,20,DeepACO,Elitist,30,600,4.605855357646942,100,cpu,pretrained
cvrp,CVRP,20,DeepACO,Elitist,40,800,4.59722891330719,100,cpu,pretrained
cvrp,CVRP,20,DeepACO,Elitist,50,1000,4.592072515487671,100,cpu,pretrained
cvrp,CVRP,20,DeepACO,Elitist,100,2000,4.583948431015014,100,cpu,pretrained
cvrp,CVRP,20,ACO,MAX-MIN,1,20,7.673084869384765,100,cpu,pretrained
cvrp,CVRP,20,ACO,MAX-MIN,10,200,6.894176092147827,100,cpu,pretrained
cvrp,CVRP,20,ACO,MAX-MIN,20,400,6.6391688299179075,100,cpu,pretrained
cvrp,CVRP,20,ACO,MAX-MIN,30,600,6.3481665706634525,100,cpu,pretrained
cvrp,CVRP,20,ACO,MAX-MIN,40,800,6.063235211372375,100,cpu,pretrained
cvrp,CVRP,20,ACO,MAX-MIN,50,1000,5.942914867401123,100,cpu,pretrained
cvrp,CVRP,20,ACO,MAX-MIN,100,2000,5.534983053207397,100,cpu,pretrained
cvrp,CVRP,20,DeepACO,MAX-MIN,1,20,4.832998087406159,100,cpu,pretrained
cvrp,CVRP,20,DeepACO,MAX-MIN,10,200,4.650511512756347,100,cpu,pretrained
cvrp,CVRP,20,DeepACO,MAX-MIN,20,400,4.613572533130646,100,cpu,pretrained
cvrp,CVRP,20,DeepACO,MAX-MIN,30,600,4.581478610038757,100,cpu,pretrained
cvrp,CVRP,20,DeepACO,MAX-MIN,40,800,4.572440350055695,100,cpu,pretrained
cvrp,CVRP,20,DeepACO,MAX-MIN,50,1000,4.567241899967193,100,cpu,pretrained
cvrp,CVRP,20,DeepACO,MAX-MIN,100,2000,4.554260160923004,100,cpu,pretrained
cvrp,CVRP,100,ACO,AS,1,20,37.44338459014892,100,cpu,pretrained
cvrp,CVRP,100,ACO,AS,10,200,34.523392295837404,100,cpu,pretrained
cvrp,CVRP,100,ACO,AS,20,400,31.727653350830078,100,cpu,pretrained
cvrp,CVRP,100,ACO,AS,30,600,28.57878620147705,100,cpu,pretrained
cvrp,CVRP,100,ACO,AS,40,800,26.18969715118408,100,cpu,pretrained
cvrp,CVRP,100,ACO,AS,50,1000,24.65525234222412,100,cpu,pretrained
cvrp,CVRP,100,ACO,AS,100,2000,22.72618402481079,100,cpu,pretrained
cvrp,CVRP,100,DeepACO,AS,1,20,16.228961906433106,100,cpu,pretrained
cvrp,CVRP,100,DeepACO,AS,10,200,15.51517328262329,100,cpu,pretrained
cvrp,CVRP,100,DeepACO,AS,20,400,15.297529792785644,100,cpu,pretrained
cvrp,CVRP,100,DeepACO,AS,30,600,15.207685890197753,100,cpu,pretrained
cvrp,CVRP,100,DeepACO,AS,40,800,15.162529096603393,100,cpu,pretrained
cvrp,CVRP,100,DeepACO,AS,50,1000,15.138542232513428,100,cpu,pretrained
cvrp,CVRP,100,DeepACO,AS,100,2000,15.034334897994995,100,cpu,pretrained
cvrp,CVRP,100,ACO,Elitist,1,20,37.41481872558594,100,cpu,pretrained
cvrp,CVRP,100,ACO,Elitist,10,200,35.453153648376464,100,cpu,pretrained
cvrp,CVRP,100,ACO,Elitist,20,400,34.72526950836182,100,cpu,pretrained
cvrp,CVRP,100,ACO,Elitist,30,600,34.0212100982666,100,cpu,pretrained
cvrp,CVRP,100,ACO,Elitist,40,800,32.43393243789673,100,cpu,pretrained
cvrp,CVRP,100,ACO,Elitist,50,1000,29.3827693939209,100,cpu,pretrained
cvrp,CVRP,100,ACO,Elitist,100,2000,22.17904483795166,100,cpu,pretrained
cvrp,CVRP,100,DeepACO,Elitist,1,20,16.2570175075531,100,cpu,pretrained
cvrp,CVRP,100,DeepACO,Elitist,10,200,15.663864011764526,100,cpu,pretrained
cvrp,CVRP,100,DeepACO,Elitist,20,400,15.469135904312134,100,cpu,pretrained
cvrp,CVRP,100,DeepACO,Elitist,30,600,15.310177345275878,100,cpu,pretrained
cvrp,CVRP,100,DeepACO,Elitist,40,800,15.144378910064697,100,cpu,pretrained
cvrp,CVRP,100,DeepACO,Elitist,50,1000,14.986865940093994,100,cpu,pretrained
cvrp,CVRP,100,DeepACO,Elitist,100,2000,14.546076459884643,100,cpu,pretrained
cvrp,CVRP,100,ACO,MAX-MIN,1,20,37.32824241638183,100,cpu,pretrained
cvrp,CVRP,100,ACO,MAX-MIN,10,200,35.42689811706543,100,cpu,pretrained
cvrp,CVRP,100,ACO,MAX-MIN,20,400,34.76717437744141,100,cpu,pretrained
cvrp,CVRP,100,ACO,MAX-MIN,30,600,34.41311239242554,100,cpu,pretrained
cvrp,CVRP,100,ACO,MAX-MIN,40,800,34.1714665222168,100,cpu,pretrained
cvrp,CVRP,100,ACO,MAX-MIN,50,1000,34.071884346008304,100,cpu,pretrained
cvrp,CVRP,100,ACO,MAX-MIN,100,2000,33.686580390930175,100,cpu,pretrained
cvrp,CVRP,100,DeepACO,MAX-MIN,1,20,16.254751558303834,100,cpu,pretrained
cvrp,CVRP,100,DeepACO,MAX-MIN,10,200,15.671996240615846,100,cpu,pretrained
cvrp,CVRP,100,DeepACO,MAX-MIN,20,400,15.494752359390258,100,cpu,pretrained
cvrp,CVRP,100,DeepACO,MAX-MIN,30,600,15.396073541641236,100,cpu,pretrained
cvrp,CVRP,100,DeepACO,MAX-MIN,40,800,15.31482738494873,100,cpu,pretrained
cvrp,CVRP,100,DeepACO,MAX-MIN,50,1000,15.212635183334351,100,cpu,pretrained
cvrp,CVRP,100,DeepACO,MAX-MIN,100,2000,15.024726610183716,100,cpu,pretrained
cvrp,CVRP,500,ACO,AS,1,20,187.28272674560546,100,cpu,pretrained
cvrp,CVRP,500,ACO,AS,10,200,182.37990112304686,100,cpu,pretrained
cvrp,CVRP,500,ACO,AS,20,400,179.45053466796875,100,cpu,pretrained
cvrp,CVRP,500,ACO,AS,30,600,174.4090690612793,100,cpu,pretrained
cvrp,CVRP,500,ACO,AS,40,800,159.64252410888673,100,cpu,pretrained
cvrp,CVRP,500,ACO,AS,50,1000,133.0644270324707,100,cpu,pretrained
cvrp,CVRP,500,ACO,AS,100,2000,85.42221656799316,100,cpu,pretrained
cvrp,CVRP,500,DeepACO,AS,1,20,66.45560485839843,100,cpu,pretrained
cvrp,CVRP,500,DeepACO,AS,10,200,64.86176876068116,100,cpu,pretrained
cvrp,CVRP,500,DeepACO,AS,20,400,64.13095127105713,100,cpu,pretrained
cvrp,CVRP,500,DeepACO,AS,30,600,63.55128288269043,100,cpu,pretrained
cvrp,CVRP,500,DeepACO,AS,40,800,63.126443977355954,100,cpu,pretrained
cvrp,CVRP,500,DeepACO,AS,50,1000,62.87994674682617,100,cpu,pretrained
cvrp,CVRP,500,DeepACO,AS,100,2000,62.46413516998291,100,cpu,pretrained
cvrp,CVRP,500,ACO,Elitist,1,20,187.75539276123047,100,cpu,pretrained
cvrp,CVRP,500,ACO,Elitist,10,200,182.64196960449217,100,cpu,pretrained
cvrp,CVRP,500,ACO,Elitist,20,400,181.38756149291993,100,cpu,pretrained
cvrp,CVRP,500,ACO,Elitist,30,600,180.43457260131837,100,cpu,pretrained
cvrp,CVRP,500,ACO,Elitist,40,800,179.70215530395507,100,cpu,pretrained
cvrp,CVRP,500,ACO,Elitist,50,1000,177.88751449584962,100,cpu,pretrained
cvrp,CVRP,500,ACO,Elitist,100,2000,112.01542587280274,100,cpu,pretrained
cvrp,CVRP,500,DeepACO,Elitist,1,20,66.41868934631347,100,cpu,pretrained
cvrp,CVRP,500,DeepACO,Elitist,10,200,65.48615665435791,100,cpu,pretrained
cvrp,CVRP,500,DeepACO,Elitist,20,400,65.05394351959228,100,cpu,pretrained
cvrp,CVRP,500,DeepACO,Elitist,30,600,64.76046146392822,100,cpu,pretrained
cvrp,CVRP,500,DeepACO,Elitist,40,800,64.37737987518311,100,cpu,pretrained
cvrp,CVRP,500,DeepACO,Elitist,50,1000,63.865634727478025,100,cpu,pretrained
cvrp,CVRP,500,DeepACO,Elitist,100,2000,62.74515964508057,100,cpu,pretrained
cvrp,CVRP,500,ACO,MAX-MIN,1,20,187.3854707336426,100,cpu,pretrained
cvrp,CVRP,500,ACO,MAX-MIN,10,200,183.07839096069335,100,cpu,pretrained
cvrp,CVRP,500,ACO,MAX-MIN,20,400,181.72558471679687,100,cpu,pretrained
cvrp,CVRP,500,ACO,MAX-MIN,30,600,180.86311477661133,100,cpu,pretrained
cvrp,CVRP,500,ACO,MAX-MIN,40,800,180.5542335510254,100,cpu,pretrained
cvrp,CVRP,500,ACO,MAX-MIN,50,1000,180.18743606567384,100,cpu,pretrained
cvrp,CVRP,500,ACO,MAX-MIN,100,2000,179.1784996032715,100,cpu,pretrained
cvrp,CVRP,500,DeepACO,MAX-MIN,1,20,66.49606410980225,100,cpu,pretrained
cvrp,CVRP,500,DeepACO,MAX-MIN,10,200,65.52217041015625,100,cpu,pretrained
cvrp,CVRP,500,DeepACO,MAX-MIN,20,400,65.26749584197998,100,cpu,pretrained
cvrp,CVRP,500,DeepACO,MAX-MIN,30,600,65.0995943069458,100,cpu,pretrained
cvrp,CVRP,500,DeepACO,MAX-MIN,40,800,64.97215106964111,100,cpu,pretrained
cvrp,CVRP,500,DeepACO,MAX-MIN,50,1000,64.912639503479,100,cpu,pretrained
cvrp,CVRP,500,DeepACO,MAX-MIN,100,2000,64.68671939849854,100,cpu,pretrained
